"Symbol","Series","Date","Prev Close","Open Price","High Price","Low Price","Last Price","Close Price","Average Price","Total Traded Quantity","Turnover in Lacs","No. of Trades","Deliverable Qty","% Dly Qt to Traded Qty"
"SBIN","EQ","12-Dec-2014","        314.05","        313.65","        316.90","        309.00","        312.05","        311.35","        312.84","   11727933","      36690.11","     108669","    4396033","         37.48"
"SBIN","EQ","15-Dec-2014","        311.35","        308.30","        316.00","        307.55","        309.60","        310.55","        312.25","   15117938","      47205.59","     150237","    7079490","         46.83"
"SBIN","EQ","16-Dec-2014","        310.55","        308.10","        311.00","        293.00","        294.90","        295.60","        301.10","   20951938","      63086.92","     211851","    8079122","         38.56"
"SBIN","EQ","17-Dec-2014","        295.60","        294.40","        306.40","        287.00","        302.85","        301.75","        297.83","   28290440","      84258.05","     273555","    9555900","         33.78"
"SBIN","EQ","18-Dec-2014","        301.75","        310.80","        312.60","        304.50","        307.00","        307.10","        308.43","   18921827","      58360.48","     175235","    8562602","         45.25"
"SBIN","EQ","19-Dec-2014","        307.10","        311.55","        312.00","        303.50","        304.15","        304.15","        307.23","   14130478","      43413.51","     128865","    4695679","         33.23"
"SBIN","EQ","22-Dec-2014","        304.15","        306.30","        308.65","        303.35","        308.40","        307.70","        306.16","   11565161","      35408.40","     106653","    5209008","         45.04"
"SBIN","EQ","23-Dec-2014","        307.70","        307.60","        312.50","        306.25","        306.50","        307.20","        309.38","   12836868","      39714.15","     119061","    4147321","         32.31"
"SBIN","EQ","24-Dec-2014","        307.20","        306.00","        309.95","        305.00","        306.05","        305.75","        306.69","   14866629","      45594.40","      98442","    5692054","         38.29"
"SBIN","EQ","26-Dec-2014","        305.75","        306.85","        309.80","        306.05","        307.95","        307.65","        307.84","    7373519","      22698.82","      67785","    2305137","         31.26"
"SBIN","EQ","29-Dec-2014","        307.65","        309.50","        310.20","        307.00","        307.10","        307.55","        308.17","    7699059","      23726.14","      78041","    3281505","         42.62"
"SBIN","EQ","30-Dec-2014","        307.55","        308.20","        310.75","        306.00","        310.65","        309.75","        308.42","    8113742","      25024.26","      69322","    2459991","         30.32"
"SBIN","EQ","31-Dec-2014","        309.75","        310.05","        312.95","        310.00","        312.75","        311.85","        311.43","    6305857","      19638.50","      55077","    2487025","         39.44"
"SBIN","EQ","01-Jan-2015","        311.85","        312.45","        315.00","        310.70","        314.00","        314.00","        313.67","    6138488","      19254.89","      58688","    1877677","         30.59"
"SBIN","EQ","02-Jan-2015","        314.00","        314.35","        318.30","        314.35","        315.60","        315.25","        316.80","    9935094","      31473.89","      79553","    4221685","         42.49"
"SBIN","EQ","05-Jan-2015","        315.25","        316.25","        316.80","        312.10","        312.80","        312.75","        313.84","    9136716","      28674.32","      88236","    3845173","         42.08"
"SBIN","EQ","06-Jan-2015","        312.75","        310.00","        311.10","        298.70","        299.90","        299.90","        305.14","   15329257","      46776.01","     169268","    7424847","         48.44"
"SBIN","EQ","07-Jan-2015","        299.90","        300.00","        302.55","        295.15","        301.40","        300.15","        299.95","   15046745","      45132.43","     147185","    5631400","         37.43"
"SBIN","EQ","08-Jan-2015","        300.15","        305.00","        306.50","        302.35","        305.25","        304.85","        304.55","    8939749","      27225.93","      85776","    3656015","         40.90"
"SBIN","EQ","09-Jan-2015","        304.85","        306.70","        307.85","        302.00","        303.00","        303.20","        304.45","   11953948","      36393.61","      86383","    4412814","         36.92"
"SBIN","EQ","12-Jan-2015","        303.20","        304.15","        307.80","        301.10","        306.90","        307.10","        305.86","    8536142","      26109.06","      71620","    3737137","         43.78"
"SBIN","EQ","13-Jan-2015","        307.10","        308.15","        310.75","        304.15","        305.25","        305.10","        308.22","    9484804","      29234.06","      94825","    4149653","         43.75"
"SBIN","EQ","14-Jan-2015","        305.10","        304.00","        307.00","        302.25","        305.00","        304.70","        304.80","    8855660","      26991.65","     105452","    3883613","         43.85"
"SBIN","EQ","15-Jan-2015","        304.70","        319.90","        323.70","        314.00","        318.40","        320.30","        318.25","   30729523","      97796.01","     218045","   16753491","         54.52"
"SBIN","EQ","16-Jan-2015","        320.30","        320.00","        320.30","        313.10","        315.25","        315.45","        315.40","   21598514","      68122.25","     162231","   13954451","         64.61"
"SBIN","EQ","19-Jan-2015","        315.45","        316.55","        317.95","        312.50","        313.20","        313.15","        314.35","    9975658","      31358.78","      77913","    5438078","         54.51"
"SBIN","EQ","20-Jan-2015","        313.15","        314.00","        319.80","        314.00","        318.00","        318.15","        317.62","   13104643","      41623.11","     102056","    6645980","         50.71"
"SBIN","EQ","21-Jan-2015","        318.15","        319.90","        327.60","        319.00","        326.00","        326.20","        325.29","   22617660","      73572.45","     218767","   10822432","         47.85"
"SBIN","EQ","22-Jan-2015","        326.20","        326.90","        327.60","        321.80","        325.20","        324.65","        324.02","   12232626","      39636.51","     134697","    5893345","         48.18"
"SBIN","EQ","23-Jan-2015","        324.65","        328.25","        332.55","        324.65","        327.05","        327.45","        328.67","   17127278","      56292.91","     151074","    9235565","         53.92"
"SBIN","EQ","27-Jan-2015","        327.45","        329.40","        332.15","        322.60","        331.45","        330.05","        326.41","   13734088","      44829.00","     158444","    7368707","         53.65"
"SBIN","EQ","28-Jan-2015","        330.05","        330.40","        336.00","        328.20","        333.40","        334.60","        333.04","   19428852","      64705.29","     169823","    9448935","         48.63"
"SBIN","EQ","29-Jan-2015","        334.60","        332.80","        333.60","        325.10","        326.45","        327.00","        328.72","   14911660","      49018.25","     139604","    7543218","         50.59"
"SBIN","EQ","30-Jan-2015","        327.00","        328.70","        330.50","        307.00","        309.30","        308.95","        313.26","   30252827","      94771.50","     283121","   17419439","         57.58"
"SBIN","EQ","02-Feb-2015","        308.95","        309.50","        311.90","        305.10","        308.50","        307.50","        308.38","   17639807","      54397.87","     146146","    8870079","         50.28"
"SBIN","EQ","03-Feb-2015","        307.50","        312.00","        312.00","        299.05","        299.65","        300.30","        303.85","   23743882","      72145.58","     227509","   10222678","         43.05"
"SBIN","EQ","04-Feb-2015","        300.30","        302.70","        302.95","        291.90","        292.55","        293.05","        295.75","   21477507","      63519.80","     233412","   10553495","         49.14"
"SBIN","EQ","05-Feb-2015","        293.05","        293.15","        297.80","        289.20","        290.50","        290.80","        294.15","   15722348","      46247.55","     156258","    5387936","         34.27"
"SBIN","EQ","06-Feb-2015","        290.80","        291.00","        294.85","        285.70","        291.20","        290.30","        290.70","   15985714","      46471.20","     162287","    4974505","         31.12"
"SBIN","EQ","09-Feb-2015","        290.30","        289.50","        292.80","        278.00","        279.50","        279.50","        284.58","   17088719","      48630.94","     199946","    6843030","         40.04"
"SBIN","EQ","10-Feb-2015","        279.50","        277.50","        290.80","        275.70","        289.75","        287.30","        285.88","   22589681","      64578.63","     200547","    7194444","         31.85"
"SBIN","EQ","11-Feb-2015","        287.30","        290.80","        293.50","        283.70","        286.20","        285.95","        288.06","   17366588","      50026.77","     157109","    7591432","         43.71"
"SBIN","EQ","12-Feb-2015","        285.95","        288.90","        289.00","        278.30","        286.10","        284.30","        283.04","   20957180","      59317.46","     204691","    8400050","         40.08"
"SBIN","EQ","13-Feb-2015","        284.30","        288.00","        307.95","        285.35","        307.70","        306.95","        299.20","   70540056","     211053.44","     489932","   19490291","         27.63"
"SBIN","EQ","16-Feb-2015","        306.95","        310.60","        313.15","        304.70","        306.50","        306.70","        309.43","   21372131","      66132.70","     191827","    6204808","         29.03"
"SBIN","EQ","18-Feb-2015","        306.70","        306.80","        307.90","        302.00","        305.65","        305.70","        305.59","   13472484","      41170.92","     132293","    3727748","         27.67"
"SBIN","EQ","19-Feb-2015","        305.70","        306.10","        307.30","        296.80","        300.50","        302.35","        301.83","   17762135","      53611.31","     161674","    5504560","         30.99"
"SBIN","EQ","20-Feb-2015","        302.35","        301.90","        306.50","        297.05","        302.20","        302.30","        303.14","   15792502","      47873.75","     139509","    3510410","         22.23"
"SBIN","EQ","23-Feb-2015","        302.30","        303.20","        304.60","        294.40","        295.00","        296.55","        299.93","   12440505","      37313.12","     124068","    4392317","         35.31"
"SBIN","EQ","24-Feb-2015","        296.55","        296.90","        299.00","        292.10","        296.30","        296.25","        295.76","   15046698","      44501.75","     160554","    4348976","         28.90"
"SBIN","EQ","25-Feb-2015","        296.25","        299.00","        300.65","        295.00","        295.45","        295.55","        298.07","   12845169","      38287.28","     140342","    5097518","         39.68"
"SBIN","EQ","26-Feb-2015","        295.55","        297.00","        297.00","        288.05","        289.40","        289.40","        291.33","   18707345","      54500.97","     208496","    8879636","         47.47"
"SBIN","EQ","27-Feb-2015","        289.40","        291.25","        301.00","        290.10","        300.25","        299.90","        297.15","   18316053","      54425.82","     183942","    7457834","         40.72"
"SBIN","EQ","28-Feb-2015","        299.90","        304.95","        306.40","        295.10","        302.00","        301.65","        301.95","   25014393","      75530.74","     190989","    5352216","         21.40"
"SBIN","EQ","02-Mar-2015","        301.65","        305.90","        305.90","        296.70","        301.60","        302.00","        300.97","   15085595","      45403.68","     146727","    5217588","         34.59"
"SBIN","EQ","03-Mar-2015","        302.00","        303.50","        305.40","        299.70","        302.80","        302.60","        302.13","   14387971","      43470.79","     120759","    4149915","         28.84"
"SBIN","EQ","04-Mar-2015","        302.60","        314.00","        315.00","        292.00","        292.75","        293.85","        303.18","   38674148","     117252.94","     279976","   14512176","         37.52"
"SBIN","EQ","05-Mar-2015","        293.85","        294.75","        296.25","        289.75","        293.60","        293.80","        292.95","   16803823","      49226.44","     160590","    5540536","         32.97"
"SBIN","EQ","09-Mar-2015","        293.80","        292.00","        294.00","        288.70","        290.35","        290.65","        291.21","   13199803","      38439.54","     134400","    4658626","         35.29"
"SBIN","EQ","10-Mar-2015","        290.65","        290.75","        293.25","        285.10","        288.50","        287.60","        289.73","   14064427","      40749.21","     143101","    4503648","         32.02"
"SBIN","EQ","11-Mar-2015","        287.60","        288.55","        290.90","        283.75","        285.45","        285.15","        286.56","   16329314","      46792.61","     153093","    6858711","         42.00"
"SBIN","EQ","12-Mar-2015","        285.15","        288.15","        289.45","        286.10","        286.70","        286.85","        287.42","    9969794","      28655.10","     125972","    4144298","         41.57"
"SBIN","EQ","13-Mar-2015","        286.85","        290.00","        291.05","        280.00","        281.00","        280.75","        284.64","   13414248","      38182.18","     164812","    5129356","         38.24"
"SBIN","EQ","16-Mar-2015","        280.75","        281.50","        283.85","        280.00","        282.10","        281.65","        281.97","   15132928","      42670.01","     124888","    7323185","         48.39"
"SBIN","EQ","17-Mar-2015","        281.65","        283.90","        284.00","        279.50","        283.50","        283.10","        282.06","   11350496","      32015.32","     100856","    4372430","         38.52"
"SBIN","EQ","18-Mar-2015","        283.10","        284.10","        288.45","        282.00","        286.70","        287.30","        286.11","   12394230","      35461.17","     131491","    4841577","         39.06"
"SBIN","EQ","19-Mar-2015","        287.30","        290.00","        290.30","        280.60","        281.20","        281.60","        285.73","   11046649","      31563.26","      98953","    4170136","         37.75"
"SBIN","EQ","20-Mar-2015","        281.60","        281.80","        282.40","        276.80","        277.85","        278.25","        279.75","   11482652","      32122.79","     168613","    5099942","         44.41"
"SBIN","EQ","23-Mar-2015","        278.25","        279.40","        280.00","        273.55","        274.60","        274.75","        276.74","   13058026","      36136.30","     157505","    5928243","         45.40"
"SBIN","EQ","24-Mar-2015","        274.75","        273.80","        276.40","        269.00","        271.20","        270.55","        271.93","   17585259","      47819.98","     169767","    7495355","         42.62"
"SBIN","EQ","25-Mar-2015","        270.55","        271.90","        272.10","        265.00","        265.30","        265.40","        267.77","   15824629","      42373.90","     134616","    7891591","         49.87"
"SBIN","EQ","26-Mar-2015","        265.40","        264.50","        265.90","        255.20","        258.15","        256.65","        260.55","   22253318","      57981.30","     177427","   10671645","         47.96"
"SBIN","EQ","27-Mar-2015","        256.65","        259.85","        264.95","        256.00","        264.20","        263.60","        260.53","   19423101","      50603.82","     156218","    6714633","         34.57"
"SBIN","EQ","30-Mar-2015","        263.60","        265.10","        269.35","        263.15","        269.00","        267.90","        266.37","   12303870","      32774.43","     123307","    5862438","         47.65"
"SBIN","EQ","31-Mar-2015","        267.90","        268.90","        271.35","        266.00","        266.20","        267.05","        268.59","   19482636","      52328.41","     151165","   10037535","         51.52"
"SBIN","EQ","01-Apr-2015","        267.05","        266.65","        274.65","        263.15","        274.10","        273.45","        269.74","   12383589","      33402.95","     118370","    4991985","         40.31"
"SBIN","EQ","06-Apr-2015","        273.45","        275.45","        275.75","        271.20","        274.10","        274.65","        273.69","   12925445","      35375.74","     109410","    6602178","         51.08"
"SBIN","EQ","07-Apr-2015","        274.65","        275.30","        276.35","        270.30","        272.00","        272.05","        272.89","   12933524","      35294.23","     135557","    4880414","         37.73"
"SBIN","EQ","08-Apr-2015","        272.05","        271.90","        277.35","        271.85","        273.45","        273.90","        274.10","    9913899","      27174.05","      94381","    3715372","         37.48"
"SBIN","EQ","09-Apr-2015","        273.90","        275.00","        281.80","        272.50","        281.00","        280.85","        277.45","   13471276","      37375.39","     129524","    4404146","         32.69"
"SBIN","EQ","10-Apr-2015","        280.85","        281.00","        287.35","        280.05","        285.85","        285.75","        284.99","   16880558","      48107.39","     144919","    8804477","         52.16"
"SBIN","EQ","13-Apr-2015","        285.75","        287.80","        288.50","        283.35","        285.50","        286.30","        285.79","   11985436","      34253.02","     108287","    5525985","         46.11"
"SBIN","EQ","15-Apr-2015","        286.30","        287.40","        294.45","        285.95","        290.00","        290.00","        290.52","   17289500","      50228.63","     135175","   10209503","         59.05"
"SBIN","EQ","16-Apr-2015","        290.00","        290.25","        294.25","        286.50","        291.85","        292.40","        290.52","   15043998","      43705.68","     110312","    7669082","         50.98"
"SBIN","EQ","17-Apr-2015","        292.40","        291.00","        294.90","        289.20","        292.50","        291.75","        292.12","   16819018","      49131.88","     139387","    9368199","         55.70"
"SBIN","EQ","20-Apr-2015","        291.75","        291.00","        293.35","        284.85","        287.65","        287.65","        289.82","   13788536","      39962.27","      99364","    6538712","         47.42"
"SBIN","EQ","21-Apr-2015","        287.65","        287.40","        292.00","        281.75","        289.20","        289.20","        287.32","   15487948","      44499.91","     120134","    6819087","         44.03"
"SBIN","EQ","22-Apr-2015","        289.20","        290.55","        293.25","        275.40","        283.85","        283.85","        284.17","   17741741","      50416.55","     129567","    6897679","         38.88"
"SBIN","EQ","23-Apr-2015","        283.85","        285.00","        287.40","        276.25","        277.60","        277.65","        280.46","   13874710","      38912.98","     119054","    4092008","         29.49"
"SBIN","EQ","24-Apr-2015","        277.65","        278.35","        279.60","        274.35","        276.40","        275.55","        276.58","   10049508","      27794.83","     101030","    3843102","         38.24"
"SBIN","EQ","27-Apr-2015","        275.55","        276.55","        276.55","        266.10","        267.10","        267.05","        269.28","   12394191","      33375.31","     115732","    6089545","         49.13"
"SBIN","EQ","28-Apr-2015","        267.05","        267.00","        273.50","        265.15","        272.45","        272.50","        269.63","   12693457","      34224.88","     114365","    5204537","         41.00"
"SBIN","EQ","29-Apr-2015","        272.50","        272.25","        273.40","        269.55","        271.95","        271.90","        271.58","    8217676","      22317.70","      80692","    3268443","         39.77"
"SBIN","EQ","30-Apr-2015","        271.90","        270.10","        273.45","        266.70","        269.70","        269.75","        270.43","   21635216","      58508.84","     124844","   13503285","         62.41"
"SBIN","EQ","04-May-2015","        269.75","        274.00","        278.00","        271.65","        277.60","        277.15","        274.64","    8012690","      22006.07","      83806","    2884415","         36.00"
"SBIN","EQ","05-May-2015","        277.15","        277.00","        277.00","        271.35","        272.50","        272.05","        273.71","    7102772","      19440.90","      69508","    2986205","         42.04"
"SBIN","EQ","06-May-2015","        272.05","        271.45","        273.60","        263.25","        265.90","        265.40","        266.22","   16335660","      43488.70","     121003","    7986014","         48.89"
"SBIN","EQ","07-May-2015","        265.40","        264.00","        267.25","        259.65","        261.00","        260.95","        263.09","   15962706","      41995.61","     124184","    6948574","         43.53"
"SBIN","EQ","08-May-2015","        260.95","        264.00","        268.00","        260.30","        262.40","        261.95","        264.33","   14044596","      37124.29","     111263","    5783395","         41.18"
"SBIN","EQ","11-May-2015","        261.95","        263.40","        277.20","        262.60","        275.50","        276.05","        272.40","   17198308","      46848.08","     141017","    5864911","         34.10"
"SBIN","EQ","12-May-2015","        276.05","        275.30","        275.40","        266.35","        267.55","        267.40","        269.51","   12792368","      34476.81","     103059","    5950523","         46.52"
"SBIN","EQ","13-May-2015","        267.40","        269.90","        275.00","        268.05","        274.40","        274.30","        272.22","    9245732","      25168.67","      83160","    2519236","         27.25"
"SBIN","EQ","14-May-2015","        274.30","        274.00","        281.90","        272.95","        281.50","        280.95","        277.93","   13101418","      36412.35","     112878","    4432599","         33.83"
"SBIN","EQ","15-May-2015","        280.95","        282.00","        288.35","        282.00","        287.00","        287.45","        286.14","   18247889","      52214.14","     141324","    9822825","         53.83"
"SBIN","EQ","18-May-2015","        287.45","        289.90","        290.00","        285.40","        289.65","        289.75","        288.06","   13266119","      38213.86","     119821","    6966214","         52.51"
"SBIN","EQ","19-May-2015","        289.75","        289.20","        291.35","        286.20","        288.00","        288.45","        288.97","   14541041","      42019.00","      98858","    7541029","         51.86"
"SBIN","EQ","20-May-2015","        288.45","        289.50","        294.80","        289.25","        292.30","        292.60","        292.81","   11807544","      34573.65","     101134","    4909279","         41.58"
"SBIN","EQ","21-May-2015","        292.60","        294.00","        294.75","        288.45","        291.50","        290.25","        290.62","   12118415","      35218.44","     120083","    5299090","         43.73"
"SBIN","EQ","22-May-2015","        290.25","        293.00","        305.00","        280.75","        281.90","        282.45","        294.15","   69490117","     204401.89","     554871","   14996458","         21.58"
"SBIN","EQ","25-May-2015","        282.45","        280.20","        284.30","        276.15","        277.20","        277.65","        280.10","   20356833","      57020.48","     185745","    6409730","         31.49"
"SBIN","EQ","26-May-2015","        277.65","        279.00","        280.80","        276.00","        277.60","        277.15","        278.15","    9675703","      26912.99","     102163","    2738446","         28.30"
"SBIN","EQ","27-May-2015","        277.15","        277.00","        281.60","        274.20","        281.20","        280.75","        278.78","   12176680","      33945.62","     105485","    4844746","         39.79"
"SBIN","EQ","28-May-2015","        280.75","        279.80","        279.80","        276.10","        278.30","        277.60","        277.89","   13024987","      36194.70","      92415","    6376048","         48.95"
"SBIN","EQ","29-May-2015","        277.60","        278.65","        281.65","        277.10","        278.60","        278.15","        278.99","   14809918","      41318.91","     102642","    8030292","         54.22"
"SBIN","EQ","01-Jun-2015","        278.15","        278.65","        282.00","        277.55","        278.20","        278.20","        279.63","   11567692","      32346.87","     103433","    5711324","         49.37"
"SBIN","EQ","02-Jun-2015","        278.20","        278.80","        279.45","        265.35","        266.50","        266.25","        271.93","   21653784","      58884.06","     205264","    7275006","         33.60"
"SBIN","EQ","03-Jun-2015","        266.25","        267.00","        267.30","        255.05","        258.25","        257.40","        259.44","   25967877","      67371.82","     242044","   13002088","         50.07"
"SBIN","EQ","04-Jun-2015","        257.40","        259.90","        261.40","        253.75","        257.70","        257.60","        257.36","   20210546","      52013.74","     151143","    8787871","         43.48"
"SBIN","EQ","05-Jun-2015","        257.60","        257.00","        262.00","        255.60","        257.40","        257.80","        259.24","   13539638","      35099.62","     124006","    4314959","         31.87"
"SBIN","EQ","08-Jun-2015","        257.80","        258.75","        258.75","        252.55","        254.85","        254.95","        254.73","   17384700","      44283.64","     113334","    9921362","         57.07"
"SBIN","EQ","09-Jun-2015","        254.95","        255.00","        258.30","        254.00","        258.00","        257.60","        256.02","   15275972","      39110.22","     117016","    7188867","         47.06"
"SBIN","EQ","10-Jun-2015","        257.60","        259.00","        262.55","        258.50","        260.65","        260.60","        260.97","   10910978","      28474.35","      88519","    4351167","         39.88"
"SBIN","EQ","11-Jun-2015","        260.60","        262.25","        262.95","        252.65","        254.10","        254.00","        255.89","   20857622","      53371.67","     139105","   10202245","         48.91"
"SBIN","EQ","12-Jun-2015","        254.00","        254.05","        255.50","        251.80","        254.45","        253.95","        253.75","   11440479","      29030.41","      89672","    4605208","         40.25"
"SBIN","EQ","15-Jun-2015","        253.95","        255.00","        255.60","        248.85","        249.65","        250.25","        251.45","   13545280","      34059.75","     113461","    5502753","         40.62"
"SBIN","EQ","16-Jun-2015","        250.25","        250.25","        255.75","        249.00","        255.35","        254.60","        252.01","    9896598","      24940.08","     105299","    3596184","         36.34"
"SBIN","EQ","17-Jun-2015","        254.60","        256.00","        256.90","        253.50","        255.35","        255.10","        255.43","   11241061","      28713.00","      92549","    5161551","         45.92"
"SBIN","EQ","18-Jun-2015","        255.10","        256.45","        260.70","        255.20","        258.15","        258.10","        258.18","   11598549","      29945.01","      87436","    4891999","         42.18"
"SBIN","EQ","19-Jun-2015","        258.10","        259.90","        263.10","        258.15","        260.30","        260.15","        260.38","   12216399","      31809.53","      97113","    5205883","         42.61"
"SBIN","EQ","22-Jun-2015","        260.15","        260.90","        267.40","        260.80","        266.50","        266.00","        264.95","   11051382","      29280.52","     115204","    3468787","         31.39"
"SBIN","EQ","23-Jun-2015","        266.00","        269.40","        271.20","        266.25","        267.30","        267.75","        268.64","   16180083","      43465.65","     120863","    7106508","         43.92"
"SBIN","EQ","24-Jun-2015","        267.75","        267.70","        267.90","        260.50","        261.20","        262.35","        265.18","    8361760","      22173.65","      75339","    2655222","         31.75"
"SBIN","EQ","25-Jun-2015","        262.35","        261.25","        266.00","        259.05","        265.00","        264.80","        263.60","   16506503","      43510.39","     100903","    8298462","         50.27"
"SBIN","EQ","26-Jun-2015","        264.80","        264.10","        266.90","        261.05","        265.40","        265.20","        263.71","   14588452","      38471.06","      98899","    8497919","         58.25"
"SBIN","EQ","29-Jun-2015","        265.20","        258.75","        260.80","        255.00","        260.30","        259.65","        257.54","   15040805","      38736.50","     105813","    7262781","         48.29"
"SBIN","EQ","30-Jun-2015","        259.65","        259.25","        263.35","        257.60","        263.00","        262.75","        261.01","   14181965","      37016.96","      85628","    6736393","         47.50"
"SBIN","EQ","01-Jul-2015","        262.75","        263.10","        269.50","        262.55","        267.60","        267.75","        266.63","   12072024","      32187.93","      91610","    3342760","         27.69"
"SBIN","EQ","02-Jul-2015","        267.75","        267.90","        271.25","        266.10","        268.10","        267.85","        268.59","    8741783","      23479.19","      84937","    2653914","         30.36"
"SBIN","EQ","03-Jul-2015","        267.85","        267.35","        270.00","        266.80","        269.45","        269.40","        268.55","    7238541","      19438.98","      59501","    2101416","         29.03"
"SBIN","EQ","06-Jul-2015","        269.40","        263.20","        271.50","        262.00","        271.45","        270.80","        266.67","    9458200","      25222.13","      75916","    2406764","         25.45"
"SBIN","EQ","07-Jul-2015","        270.80","        270.40","        274.65","        270.00","        273.80","        272.90","        272.60","   12523410","      34138.44","     106296","    6386313","         50.99"
"SBIN","EQ","08-Jul-2015","        272.90","        269.90","        271.00","        265.60","        266.70","        267.35","        268.16","   12669850","      33975.79","      85347","    4992880","         39.41"
"SBIN","EQ","09-Jul-2015","        267.35","        267.00","        271.30","        267.00","        268.00","        267.75","        269.06","    6469504","      17406.87","      57699","    1536301","         23.75"
"SBIN","EQ","10-Jul-2015","        267.75","        270.25","        271.00","        266.25","        270.45","        270.55","        269.42","    8788162","      23677.49","      77565","    2731650","         31.08"
"SBIN","EQ","13-Jul-2015","        270.55","        272.00","        274.35","        267.90","        273.50","        273.70","        271.57","    8423083","      22874.71","      80546","    2023632","         24.02"
"SBIN","EQ","14-Jul-2015","        273.70","        273.60","        273.60","        267.15","        268.05","        268.20","        270.43","   10337307","      27955.41","      93984","    4931598","         47.71"
"SBIN","EQ","15-Jul-2015","        268.20","        268.75","        271.70","        267.15","        268.60","        268.05","        269.25","    7483918","      20150.37","      59970","    2971179","         39.70"
"SBIN","EQ","16-Jul-2015","        268.05","        269.75","        272.75","        268.10","        272.40","        272.20","        270.46","    8354120","      22594.33","      59028","    3063941","         36.68"
"SBIN","EQ","17-Jul-2015","        272.20","        272.40","        274.00","        270.50","        271.65","        271.10","        271.97","    5571891","      15153.66","      49465","    1807521","         32.44"
"SBIN","EQ","20-Jul-2015","        271.10","        272.00","        272.00","        266.15","        267.10","        267.45","        267.96","    6418930","      17200.18","      53325","    2280831","         35.53"
"SBIN","EQ","21-Jul-2015","        267.45","        267.00","        269.80","        263.50","        264.50","        264.30","        266.69","    5638653","      15037.69","      50543","    1795517","         31.84"
"SBIN","EQ","22-Jul-2015","        264.30","        263.70","        269.40","        261.90","        268.75","        268.55","        265.52","   11322177","      30063.09","      83774","    6315769","         55.78"
"SBIN","EQ","23-Jul-2015","        268.55","        268.50","        272.00","        267.25","        270.05","        270.05","        269.58","    6376216","      17189.18","      57972","    2188031","         34.32"
"SBIN","EQ","24-Jul-2015","        270.05","        268.70","        270.35","        262.10","        263.70","        263.25","        266.35","    7796401","      20765.59","      68514","    3444682","         44.18"
"SBIN","EQ","27-Jul-2015","        263.25","        263.20","        263.40","        258.05","        258.50","        258.45","        260.09","    6788558","      17656.26","      71666","    2797401","         41.21"
"SBIN","EQ","28-Jul-2015","        258.45","        260.25","        263.90","        258.35","        259.25","        259.20","        260.41","   10788886","      28095.18","     102534","    5620110","         52.09"
"SBIN","EQ","29-Jul-2015","        259.20","        260.00","        260.70","        252.30","        253.65","        253.60","        255.59","    9997136","      25551.50","      91282","    4226586","         42.28"
"SBIN","EQ","30-Jul-2015","        253.60","        253.60","        259.50","        253.60","        257.85","        256.80","        256.92","   10536937","      27071.25","      68531","    4203708","         39.89"
"SBIN","EQ","31-Jul-2015","        256.80","        258.00","        273.75","        257.55","        269.30","        270.05","        268.01","   20534806","      55035.87","     162026","    8361235","         40.72"
"SBIN","EQ","03-Aug-2015","        270.05","        270.00","        283.00","        269.90","        281.25","        281.05","        279.67","   21901780","      61253.73","     171677","    8746287","         39.93"
"SBIN","EQ","04-Aug-2015","        281.05","        282.50","        289.95","        276.40","        289.00","        288.60","        284.26","   28858887","      82035.14","     202238","   10818026","         37.49"
"SBIN","EQ","05-Aug-2015","        288.60","        289.10","        291.80","        284.25","        284.95","        285.40","        287.86","   10169558","      29274.40","      91399","    2960655","         29.11"
"SBIN","EQ","06-Aug-2015","        285.40","        285.60","        290.80","        282.00","        290.00","        289.05","        286.91","   15372143","      44104.69","     113784","    7685472","         50.00"
"SBIN","EQ","07-Aug-2015","        289.05","        288.50","        288.50","        280.20","        281.95","        281.30","        283.86","   13845614","      39302.44","     134570","    7110364","         51.35"
"SBIN","EQ","10-Aug-2015","        281.30","        282.05","        286.00","        280.10","        282.50","        282.75","        283.70","   14694901","      41689.91","      96782","    7583766","         51.61"
"SBIN","EQ","11-Aug-2015","        282.75","        285.80","        289.45","        267.50","        267.90","        268.80","        277.32","   39233644","     108802.00","     321749","   10588643","         26.99"
"SBIN","EQ","12-Aug-2015","        268.80","        267.45","        267.45","        255.05","        256.15","        256.35","        260.92","   29724325","      77557.47","     207677","   16110536","         54.20"
"SBIN","EQ","13-Aug-2015","        256.35","        259.75","        262.85","        258.15","        260.40","        259.30","        260.31","   16360033","      42586.28","     132908","    7260471","         44.38"
"SBIN","EQ","14-Aug-2015","        259.30","        261.90","        269.40","        259.25","        268.50","        268.50","        265.01","   14852873","      39361.28","     126941","    4129121","         27.80"
"SBIN","EQ","17-Aug-2015","        268.50","        272.00","        281.90","        270.80","        279.20","        279.75","        277.74","   27500063","      76378.32","     224897","   10819359","         39.34"
"SBIN","EQ","18-Aug-2015","        279.75","        280.80","        288.00","        275.55","        284.75","        284.80","        283.46","   27728824","      78599.17","     223393","   11748890","         42.37"
"SBIN","EQ","19-Aug-2015","        284.80","        283.90","        285.95","        275.55","        278.40","        278.00","        280.60","   15452575","      43359.93","     149258","    5449022","         35.26"
"SBIN","EQ","20-Aug-2015","        278.00","        277.65","        281.65","        268.00","        270.00","        270.55","        274.01","   14577599","      39943.70","     118110","    4672039","         32.05"
"SBIN","EQ","21-Aug-2015","        270.55","        261.50","        268.90","        256.20","        267.05","        267.50","        263.00","   19030056","      50049.66","     161875","    7052850","         37.06"
"SBIN","EQ","24-Aug-2015","        267.50","        254.70","        257.70","        242.40","        243.90","        245.40","        252.16","   29561705","      74541.38","     247643","   12870857","         43.54"
"SBIN","EQ","25-Aug-2015","        245.40","        250.00","        254.80","        240.00","        254.20","        253.35","        249.30","   23492839","      58567.38","     202892","    7841098","         33.38"
"SBIN","EQ","26-Aug-2015","        253.35","        252.50","        253.30","        245.00","        245.75","        245.70","        248.55","   16325529","      40576.78","     152198","    5954197","         36.47"
"SBIN","EQ","27-Aug-2015","        245.70","        251.15","        252.00","        248.10","        249.15","        249.45","        249.86","   21076926","      52663.44","     127816","   11360023","         53.90"
"SBIN","EQ","28-Aug-2015","        249.45","        254.50","        255.90","        247.45","        248.50","        248.95","        252.08","   16644381","      41957.89","     138473","    5812100","         34.92"
"SBIN","EQ","31-Aug-2015","        248.95","        249.00","        251.35","        245.00","        247.00","        247.35","        248.07","   21645114","      53694.52","     138355","    8027845","         37.09"
"SBIN","EQ","01-Sep-2015","        247.35","        244.85","        244.85","        237.70","        239.30","        239.10","        240.53","   19689080","      47357.75","     171521","    7453161","         37.85"
"SBIN","EQ","02-Sep-2015","        239.10","        242.65","        243.00","        230.10","        230.35","        230.55","        234.21","   23655457","      55403.17","     202382","    7928836","         33.52"
"SBIN","EQ","03-Sep-2015","        230.55","        232.65","        235.40","        231.00","        231.85","        232.25","        232.94","   14680299","      34196.91","     123875","    4207804","         28.66"
"SBIN","EQ","04-Sep-2015","        232.25","        231.90","        231.90","        224.00","        225.00","        225.15","        226.12","   20466346","      46278.19","     180922","    7271427","         35.53"
"SBIN","EQ","07-Sep-2015","        225.15","        227.10","        227.50","        220.15","        221.10","        221.10","        224.11","   15424783","      34569.17","     170823","    4118372","         26.70"
"SBIN","EQ","08-Sep-2015","        221.10","        223.00","        230.25","        221.15","        228.05","        228.35","        226.27","   16189253","      36631.78","     149759","    3908614","         24.14"
"SBIN","EQ","09-Sep-2015","        228.35","        233.95","        234.50","        229.10","        231.20","        231.65","        232.22","   18237115","      42350.61","     121876","    6695090","         36.71"
"SBIN","EQ","10-Sep-2015","        231.65","        227.35","        229.80","        224.10","        229.60","        227.45","        226.04","   14195882","      32088.74","     117419","    4234502","         29.83"
"SBIN","EQ","11-Sep-2015","        227.45","        230.90","        233.30","        228.00","        230.50","        230.10","        230.80","   13650937","      31505.74","     105226","    3744398","         27.43"
"SBIN","EQ","14-Sep-2015","        230.10","        231.55","        236.00","        230.00","        235.30","        235.25","        233.36","   10671222","      24902.10","      84874","    3029759","         28.39"
"SBIN","EQ","15-Sep-2015","        235.25","        235.20","        238.45","        232.65","        232.90","        234.00","        235.23","   13193410","      31034.48","     112433","    3992450","         30.26"
"SBIN","EQ","16-Sep-2015","        234.00","        236.40","        237.75","        235.00","        236.85","        236.80","        236.38","   11272509","      26646.00","      70760","    4297330","         38.12"
"SBIN","EQ","18-Sep-2015","        236.80","        240.00","        246.45","        239.50","        240.70","        242.00","        243.58","   16049395","      39092.75","     132524","    4918010","         30.64"
"SBIN","EQ","21-Sep-2015","        242.00","        239.55","        246.00","        237.25","        245.75","        245.25","        242.60","    9602436","      23295.34","      84490","    1672108","         17.41"
"SBIN","EQ","22-Sep-2015","        245.25","        247.95","        248.45","        236.25","        237.60","        237.95","        242.99","   13667322","      33210.55","     110945","    4297437","         31.44"
"SBIN","EQ","23-Sep-2015","        237.95","        235.00","        241.90","        233.60","        240.35","        239.85","        238.33","   13614082","      32446.39","     102490","    3671583","         26.97"
"SBIN","EQ","24-Sep-2015","        239.85","        239.45","        241.45","        238.05","        239.45","        239.05","        239.63","    9299508","      22284.35","      72488","    2420938","         26.03"
"SBIN","EQ","28-Sep-2015","        239.05","        241.00","        243.65","        238.65","        240.90","        239.45","        241.43","    8588230","      20734.82","      70451","    1825740","         21.26"
"SBIN","EQ","29-Sep-2015","        239.45","        236.00","        245.40","        232.20","        241.60","        241.90","        240.62","   24488685","      58923.91","     173990","    5403503","         22.07"
"SBIN","EQ","30-Sep-2015","        241.90","        244.85","        245.40","        235.70","        237.95","        237.15","        239.27","   17011911","      40705.15","     129082","    5875189","         34.54"
"SBIN","EQ","01-Oct-2015","        237.15","        241.20","        241.90","        234.40","        235.50","        235.15","        237.28","   11590498","      27501.46","      79332","    3360918","         29.00"
"SBIN","EQ","05-Oct-2015","        235.15","        238.10","        241.35","        237.25","        241.20","        240.00","        239.63","   18307463","      43870.86","      76607","   10157446","         55.48"
"SBIN","EQ","06-Oct-2015","        240.00","        242.70","        242.80","        237.70","        239.95","        240.10","        240.17","   10087077","      24225.66","      73164","    2893203","         28.68"
"SBIN","EQ","07-Oct-2015","        240.10","        240.15","        244.25","        239.05","        243.65","        243.55","        242.42","   10608795","      25718.13","      78909","    2611552","         24.62"
"SBIN","EQ","08-Oct-2015","        243.55","        242.45","        245.20","        241.10","        243.50","        243.30","        243.17","    9230511","      22446.07","      76269","    2343586","         25.39"
"SBIN","EQ","09-Oct-2015","        243.30","        245.50","        247.80","        240.65","        242.90","        243.45","        244.94","   12171416","      29813.20","     105441","    4413072","         36.26"
"SBIN","EQ","12-Oct-2015","        243.45","        244.10","        245.65","        241.30","        244.15","        244.55","        244.27","    7566962","      18483.45","      57702","    2819307","         37.26"
"SBIN","EQ","13-Oct-2015","        244.55","        244.00","        247.50","        242.05","        243.90","        243.80","        244.56","   10200698","      24947.12","      73013","    4105359","         40.25"
"SBIN","EQ","14-Oct-2015","        243.80","        243.70","        246.80","        243.20","        245.00","        244.25","        244.82","    7895820","      19330.56","      55278","    3212893","         40.69"
"SBIN","EQ","15-Oct-2015","        244.25","        246.00","        249.90","        245.50","        249.05","        248.95","        248.42","   11582401","      28772.44","      86325","    3894772","         33.63"
"SBIN","EQ","16-Oct-2015","        248.95","        249.85","        257.15","        248.35","        256.80","        254.85","        251.84","   11738832","      29563.25","      84407","    3725598","         31.74"
"SBIN","EQ","19-Oct-2015","        254.85","        256.65","        257.10","        253.50","        254.05","        254.50","        255.14","    8969153","      22883.75","      60162","    3568861","         39.79"
"SBIN","EQ","20-Oct-2015","        254.50","        254.50","        257.10","        253.20","        254.80","        254.85","        255.05","    8811740","      22473.92","      58553","    3517593","         39.92"
"SBIN","EQ","21-Oct-2015","        254.85","        254.00","        255.90","        248.55","        249.40","        249.80","        251.41","    8606466","      21637.20","      58318","    2410439","         28.01"
"SBIN","EQ","23-Oct-2015","        249.80","        253.00","        254.85","        252.00","        253.15","        253.40","        253.43","    7544810","      19120.97","      77411","    2907459","         38.54"
"SBIN","EQ","26-Oct-2015","        253.40","        254.75","        256.00","        250.35","        251.40","        251.25","        253.24","   13085058","      33136.22","      82870","    5753097","         43.97"
"SBIN","EQ","27-Oct-2015","        251.25","        250.10","        252.20","        248.10","        248.40","        248.80","        250.09","    6565348","      16419.12","      59563","    2711105","         41.29"
"SBIN","EQ","28-Oct-2015","        248.80","        248.00","        249.45","        241.20","        241.70","        242.05","        243.96","   12310403","      30032.24","      92805","    5871480","         47.70"
"SBIN","EQ","29-Oct-2015","        242.05","        241.50","        241.80","        236.45","        237.00","        236.95","        238.58","   16114932","      38446.94","      92417","    7947307","         49.32"
"SBIN","EQ","30-Oct-2015","        236.95","        238.70","        240.40","        235.10","        237.25","        237.05","        237.93","    8669606","      20627.75","      74888","    3122553","         36.02"
"SBIN","EQ","02-Nov-2015","        237.05","        238.00","        238.00","        232.70","        237.45","        236.90","        235.49","    7611610","      17924.59","      72432","    1800392","         23.65"
"SBIN","EQ","03-Nov-2015","        236.90","        239.35","        239.70","        235.00","        236.55","        235.95","        237.25","    8323201","      19746.97","      70852","    2819673","         33.88"
"SBIN","EQ","04-Nov-2015","        235.95","        239.20","        240.50","        237.00","        238.85","        239.00","        238.81","    8418352","      20103.87","      54933","    3210999","         38.14"
"SBIN","EQ","05-Nov-2015","        239.00","        238.00","        239.00","        233.10","        234.00","        233.90","        236.12","    8906564","      21030.32","      78782","    2876222","         32.29"
"SBIN","EQ","06-Nov-2015","        233.90","        235.60","        244.80","        233.00","        243.90","        243.00","        241.02","   30821077","      74285.82","     205921","    5847777","         18.97"
"SBIN","EQ","09-Nov-2015","        243.00","        236.00","        248.30","        235.60","        245.65","        246.10","        244.83","   22806485","      55838.06","     169076","    8669018","         38.01"
"SBIN","EQ","10-Nov-2015","        246.10","        244.90","        247.25","        240.10","        241.30","        241.20","        243.15","   11767845","      28613.54","      81141","    2845909","         24.18"
"SBIN","EQ","11-Nov-2015","        241.20","        243.00","        244.25","        242.55","        243.20","        243.15","        243.28","    2061681","       5015.68","      24738","     830764","         40.30"
"SBIN","EQ","13-Nov-2015","        243.15","        241.50","        241.80","        237.70","        240.30","        240.25","        239.92","    9082062","      21789.37","      68168","    2716416","         29.91"
"SBIN","EQ","16-Nov-2015","        240.25","        239.50","        249.35","        239.10","        249.00","        248.30","        245.34","   14051479","      34473.47","      99089","    4847882","         34.50"
"SBIN","EQ","17-Nov-2015","        248.30","        250.00","        251.65","        246.70","        247.60","        247.85","        248.93","   11273394","      28063.06","      82525","    2733402","         24.25"
"SBIN","EQ","18-Nov-2015","        247.85","        247.60","        248.70","        239.45","        240.45","        241.00","        243.75","   10397889","      25345.12","      77659","    2986573","         28.72"
"SBIN","EQ","19-Nov-2015","        241.00","        243.05","        245.00","        241.40","        244.25","        243.90","        243.54","    7325199","      17839.78","      51700","    1940649","         26.49"
"SBIN","EQ","20-Nov-2015","        243.90","        243.95","        249.90","        242.00","        243.00","        242.95","        245.51","   13718619","      33680.19","      80095","    4016945","         29.28"
"SBIN","EQ","23-Nov-2015","        242.95","        243.90","        245.25","        240.55","        242.60","        242.70","        243.15","   10552151","      25658.05","      65107","    3008834","         28.51"
"SBIN","EQ","24-Nov-2015","        242.70","        242.50","        244.00","        240.60","        241.60","        241.40","        242.47","    6651669","      16128.34","      52769","    1758561","         26.44"
"SBIN","EQ","26-Nov-2015","        241.40","        241.95","        244.90","        241.00","        243.50","        242.50","        243.10","   13629888","      33134.02","      74502","    6389328","         46.88"
"SBIN","EQ","27-Nov-2015","        242.50","        243.00","        250.50","        242.80","        249.60","        249.70","        247.42","   15149912","      37483.52","      95949","    5447738","         35.96"
"SBIN","EQ","30-Nov-2015","        249.70","        249.65","        253.00","        245.00","        248.65","        250.20","        250.91","   12865469","      32281.28","     107373","    6136099","         47.69"
"SBIN","EQ","01-Dec-2015","        250.20","        250.85","        251.90","        249.30","        249.95","        250.20","        250.54","    9501537","      23805.16","      74258","    2532816","         26.66"
"SBIN","EQ","02-Dec-2015","        250.20","        250.55","        250.65","        243.75","        244.55","        244.60","        245.93","   10881754","      26761.56","      85982","    3835915","         35.25"
"SBIN","EQ","03-Dec-2015","        244.60","        244.15","        244.50","        240.40","        241.50","        241.10","        242.52","    7155630","      17353.89","      53130","    2004524","         28.01"
"SBIN","EQ","04-Dec-2015","        241.10","        240.00","        242.15","        238.05","        241.75","        241.10","        240.27","   11115170","      26706.12","      81492","    4650194","         41.84"
"SBIN","EQ","07-Dec-2015","        241.10","        242.95","        242.95","        238.00","        238.90","        238.65","        239.77","    7531729","      18058.61","      65807","    2924376","         38.83"
"SBIN","EQ","08-Dec-2015","        238.65","        238.10","        239.95","        235.30","        235.40","        235.95","        237.46","    8254434","      19601.17","      65633","    3060162","         37.07"
"SBIN","EQ","09-Dec-2015","        235.95","        235.40","        238.20","        233.60","        235.00","        234.40","        235.80","    7408777","      17469.90","      60770","    2281810","         30.80"
"SBIN","EQ","10-Dec-2015","        234.40","        236.00","        236.75","        230.60","        232.00","        231.95","        232.64","   11713559","      27250.85","     110656","    4727421","         40.36"
"SBIN","EQ","11-Dec-2015","        231.95","        232.90","        233.90","        225.10","        227.20","        227.30","        228.87","   12872949","      29462.94","     107212","    3731130","         28.98"
